,Unnamed: 0,nm_uf,nm_micro,lng,lat
0,0,SAO PAULO,ADAMANTINA,-50.99768781607828,-21.70611473940861
1,1,ESPÍRITO SANTO,AFONSO CLAUDIO,-41.01838994928553,-20.19187815087436
2,2,MARANHÃO,AGLOMERACAO URBANA DE SAO LUIS,-44.14298203247793,-2.5629617573238668
3,3,SERGIPE,AGRESTE DE ITABAIANA,-37.41197593358597,-10.729138137645409
4,4,SERGIPE,AGRESTE DE LAGARTO,-37.68078625214717,-10.921735796206072
5,5,RIO GRANDE DO NORTE,AGRESTE POTIGUAR,-35.524439646971814,-6.136423406304423
6,6,MINAS GERAIS,AIMORES,-41.391151970113405,-19.511658726758267
7,7,ALAGOAS,ALAGOANA DO SERTAO DO SAO FRANCISCO,-37.998016480780734,-9.418735378579342
8,8,BAHIA,ALAGOINHAS,-38.253999925338654,-11.724403938639282
9,9,ESPÍRITO SANTO,ALEGRE,-41.5969595804502,-20.53017388511807
10,10,MINAS GERAIS,ALFENAS,-46.00784558847805,-21.34966658201505
11,11,PARÁ,ALMEIRIM,-52.49224670090286,-1.2251024048519694
12,12,MINAS GERAIS,ALMENARA,-40.60618891243917,-16.311645404508386
13,13,MATO GROSSO,ALTA FLORESTA,-56.96586183040271,-9.774641798073844
14,14,PARÁ,ALTAMIRA,-52.49422268813639,-4.070938607249647
15,15,MATO GROSSO,ALTO ARAGUAIA,-53.39510816285252,-17.5184258036914
16,16,PERNAMBUCO,ALTO CAPIBARIBE,-35.90886167800218,-7.876306530142252
17,17,MATO GROSSO,ALTO GUAPORE,-59.55736246130354,-14.993017712240071
18,18,MARANHÃO,ALTO MEARIM E GRAJAU,-45.51764792948111,-5.4887000403335655
19,19,PIAUÍ,ALTO MEDIO CANINDE,-41.55980806487418,-7.815643362807225
20,20,PIAUÍ,ALTO MEDIO GURGUEIA,-44.472975491741295,-9.083010882244292
21,21,MATO GROSSO,ALTO PANTANAL,-57.37217416137955,-15.988587776499429
22,22,MATO GROSSO,ALTO PARAGUAI,-56.86608924916112,-14.5623048554338
23,23,PIAUÍ,ALTO PARNAIBA PIAUIENSE,-44.94678412921941,-7.928681873453157
24,24,AMAZONAS,ALTO SOLIMOES,-69.50476774588213,-4.146678463425239
25,25,MATO GROSSO DO SUL,ALTO TAQUARI,-54.38423227221485,-18.822780067946816
26,26,MATO GROSSO,ALTO TELES PIRES,-55.690353205339534,-13.168559237206487
27,27,RONDÔNIA,ALVORADA D'OESTE,-62.61056796228133,-11.631033067411213
28,28,AMAPA,AMAPA,-50.790252374081795,1.5852083692362118
29,29,SAO PAULO,AMPARO,-46.71315529406982,-22.692736488746082
30,30,SAO PAULO,ANDRADINA,-51.30802845113502,-20.858937483458554
31,31,MINAS GERAIS,ANDRELANDIA,-44.422148195316716,-22.000467903117237
32,32,RIO GRANDE DO NORTE,ANGICOS,-36.34925115610911,-5.514447059623501
33,33,GOIÁS,ANICUNS,-50.185147753750115,-16.421817306076413
34,34,GOIÁS,ANAPOLIS,-49.4194625532179,-16.11463085941124
35,35,PARANÁ,APUCARANA,-51.43460499785852,-23.64537868721461
36,36,MATO GROSSO DO SUL,AQUIDAUANA,-55.9808439841416,-20.321653181498405
37,37,SERGIPE,ARACAJU,-37.13527078740679,-10.92415656192975
38,38,GOIÁS,ARAGARCAS,-51.79091960943476,-16.090465379420404
39,39,TOCANTINS,ARAGUAINA,-48.51745459446023,-7.13428313879438
40,40,ALAGOAS,ARAPIRACA,-36.67343124649643,-9.794703382318056
41,41,SANTA CATARINA,ARARANGUA,-49.661695509833315,-29.022839176379705
42,42,SAO PAULO,ARARAQUARA,-48.67231248188738,-21.68010000550743
43,43,PARÁ,ARARI,-48.90667748403182,-0.9226300723362848
44,44,PERNAMBUCO,ARARIPINA,-40.172397424749505,-7.78731429348817
45,45,MINAS GERAIS,ARAXA,-47.08486052526994,-19.59098244850446
46,46,SAO PAULO,ARACATUBA,-50.54065079922788,-21.0956290254096
47,47,MINAS GERAIS,ARACUAI,-41.85025415564553,-16.99395841808157
48,48,MATO GROSSO,ARINOS,-57.3634873840693,-11.473717502638351
49,49,MATO GROSSO,ARIPUANA,-59.3738280364271,-10.71894142464516
50,50,RONDÔNIA,ARIQUEMES,-62.62938199075021,-9.742220546250909
51,51,PARANÁ,ASSAI,-50.83956029448464,-23.458390703790087
52,52,SAO PAULO,ASSIS,-50.55498237699333,-22.644070530230657
53,53,PARANÁ,ASTORGA,-51.89123315254043,-23.0067025884948
54,54,SAO PAULO,AURIFLAMA,-50.3572387146778,-20.68655257542289
55,55,SAO PAULO,AVARE,-49.00800890266082,-23.20990019823745
56,56,RIO DE JANEIRO,BACIA DE SAO JOAO,-42.14382375063096,-22.51061549527964
57,57,RIO GRANDE DO NORTE,BAIXA VERDE,-35.892754269798466,-5.471275480412989
58,58,MARANHÃO,BAIXADA MARANHENSE,-45.08745706048823,-3.2086873356073413
59,59,SERGIPE,BAIXO COTINGUIBA,-37.08144687312085,-10.726767053803872
60,60,CEARÁ,BAIXO CURU,-39.095335266961776,-3.489556953970516
61,61,CEARÁ,BAIXO JAGUARIBE,-38.150131326968506,-5.0646307714604415
62,62,MATO GROSSO DO SUL,BAIXO PANTANAL,-57.61386773951522,-19.529247118955453
63,63,MARANHÃO,BAIXO PARNAIBA MARANHENSE,-42.27753424764121,-3.181955764033503
64,64,PIAUÍ,BAIXO PARNAIBA PIAUIENSE,-42.295534879360474,-3.966482518406148
65,65,SAO PAULO,BANANAL,-44.5934760133887,-22.67227610049138
66,66,MINAS GERAIS,BARBACENA,-43.72846469258168,-21.158087019605247
67,67,BAHIA,BARRA,-42.95041757637151,-11.211010414515753
68,68,ESPÍRITO SANTO,BARRA DE SAO FRANCISCO,-40.89448964555388,-18.533155447600766
69,69,RIO DE JANEIRO,BARRA DO PIRAI,-43.74104433327158,-22.26585925330668
70,70,BAHIA,BARREIRAS,-45.055367690949495,-12.089328833724473
71,71,SAO PAULO,BARRETOS,-48.61516190974029,-20.53765113661667
72,72,CEARÁ,BARRO,-38.784678855026826,-7.191278512064615
73,73,ALAGOAS,BATALHA,-37.1669021376449,-9.656204099776636
74,74,SAO PAULO,BATATAIS,-47.33674509085376,-21.142893746538167
75,75,CEARÁ,BATURITE,-38.822759998935204,-4.333412371961673
76,76,SAO PAULO,BAURU,-49.14281890929552,-22.223293212926173
77,77,RIO DE JANEIRO,BAIA DA ILHA GRANDE,-44.57202070365665,-23.17517499875348
78,78,MINAS GERAIS,BELO HORIZONTE,-44.073518019483735,-19.879893207848184
79,79,PARÁ,BELEM,-48.45583514907218,-1.3624955382011306
80,80,PIAUÍ,BERTOLINIA,-43.94116372679322,-7.535048194906539
81,81,TOCANTINS,BICO DO PAPAGAIO,-47.85977340342883,-5.849688717687258
82,82,SAO PAULO,BIRIGUI,-50.177674346061,-21.287573674617878
83,83,SANTA CATARINA,BLUMENAU,-49.24579080173847,-26.850942143609053
84,84,RORAIMA,BOA VISTA,-61.10246345009135,3.6964352557223212
85,85,AMAZONAS,BOCA DO ACRE,-67.37409012206864,-8.551948951003551
86,86,MINAS GERAIS,BOCAIUVA,-43.83728265710971,-17.263332555239835
87,87,MATO GROSSO DO SUL,BODOQUENA,-56.49536030987503,-21.41787775202684
88,88,MINAS GERAIS,BOM DESPACHO,-45.39162542186853,-19.672482699133546
89,89,BAHIA,BOM JESUS DA LAPA,-43.578904560679725,-13.469339192119568
90,90,SERGIPE,BOQUIM,-37.65638489156922,-11.247574759069783
91,91,BAHIA,BOQUIRA,-42.53955757605985,-12.606626729032078
92,92,RIO GRANDE DO NORTE,BORBOREMA POTIGUAR,-35.92649689953747,-6.219019903261902
93,93,SAO PAULO,BOTUCATU,-48.34057541507895,-22.93941931500904
94,94,PARÁ,BRAGANTINA,-47.05536856258829,-1.0991427308645303
95,95,SAO PAULO,BRAGANCA PAULISTA,-46.65277105554064,-23.07684516092253
96,96,ACRE,BRASILEIA,-68.89829594808775,-10.918985238622437
97,97,DISTRITO FEDERAL,BRASILIA,-47.83217851049576,-15.780997900316848
98,98,PARAÍBA,BREJO PARAIBANO,-35.667390555250776,-6.8986520306924906
99,99,PERNAMBUCO,BREJO PERNAMBUCANO,-35.923833109517176,-8.534255386721686
100,100,CEARÁ,BREJO SANTO,-38.995608386156825,-7.495042629529767
101,101,BAHIA,BRUMADO,-41.659914258558004,-14.509587700480392
102,102,RIO GRANDE DO SUL,CACHOEIRA DO SUL,-52.64919278891373,-30.00614739354569
103,103,ESPÍRITO SANTO,CACHOEIRO DE ITAPEMIRIM,-41.26064159363643,-20.83247193097821
104,104,RONDÔNIA,CACOAL,-61.59251155880317,-11.650295488341513
105,105,PARAÍBA,CAJAZEIRAS,-38.51381411677315,-6.751952599171269
106,106,RIO GRANDE DO SUL,CAMAQUA,-51.70059411876069,-30.68317002524175
107,107,PARÁ,CAMETA,-49.46730328237151,-2.3830839016959198
108,108,RIO GRANDE DO SUL,CAMPANHA CENTRAL,-54.62272609713628,-30.477299332084907
109,109,RIO GRANDE DO SUL,CAMPANHA MERIDIONAL,-54.14684947199429,-31.20930698014807
110,110,RIO GRANDE DO SUL,CAMPANHA OCIDENTAL,-56.11002473927329,-29.355246833525705
111,111,PARAÍBA,CAMPINA GRANDE,-35.90963917398849,-7.273333899825093
112,112,SAO PAULO,CAMPINAS,-47.17303983053198,-22.817802930663266
113,113,MINAS GERAIS,CAMPO BELO,-45.280239728222845,-20.95054274082505
114,114,MATO GROSSO DO SUL,CAMPO GRANDE,-54.790388772436025,-20.2077379545771
115,115,PIAUÍ,CAMPO MAIOR,-41.63085067684774,-4.905893303086454
116,116,PARANÁ,CAMPO MOURAO,-52.27157688438734,-24.05103610417583
117,117,SANTA CATARINA,CAMPOS DE LAGES,-50.17790138551363,-27.901951544957978
118,118,SAO PAULO,CAMPOS DO JORDAO,-45.73581375893063,-22.80351507165815
119,119,RIO DE JANEIRO,CAMPOS DOS GOYTACAZES,-41.34506472280098,-21.64060869270605
120,120,MATO GROSSO,CANARANA,-52.77476831121719,-14.062588726876465
121,121,CEARÁ,CANINDE,-39.37367505585874,-4.389573335963826
122,122,SANTA CATARINA,CANOINHAS,-50.35562842695899,-26.359836515626288
123,123,RIO DE JANEIRO,CANTAGALO-CORDEIRO,-42.41523119509501,-21.895768550639854
124,124,PARANÁ,CAPANEMA,-53.614127620324275,-25.767349403755308
125,125,MINAS GERAIS,CAPELINHA,-42.611165864117105,-17.369375464607412
126,126,SAO PAULO,CAPAO BONITO,-48.825531844066035,-24.43668210735732
127,127,RORAIMA,CARACARAI,-61.04702873679261,1.9875345494297705
128,128,SAO PAULO,CARAGUATATUBA,-45.360548538780925,-23.701740001464486
129,129,MINAS GERAIS,CARATINGA,-42.11873337684988,-19.545712717371433
130,130,RIO GRANDE DO SUL,CARAZINHO,-53.044189183491106,-27.94911382603177
131,131,SERGIPE,CARIRA,-37.57890372648152,-10.490018325317823
132,132,CEARÁ,CARIRI,-39.389542715426934,-7.281381914611049
133,133,PARAÍBA,CARIRI OCIDENTAL,-36.86279807184435,-7.71474248599551
134,134,PARAÍBA,CARIRI ORIENTAL,-36.18790599997751,-7.539278172676503
135,135,CEARÁ,CARIRIACU,-39.45393168605067,-6.945529334290315
136,136,CEARÁ,CASCAVEL,-38.14572811794418,-4.315438811717379
137,137,PARANÁ,CASCAVEL,-53.2585163984552,-25.00865736268679
138,138,MATO GROSSO DO SUL,CASSILANDIA,-52.50954798737324,-18.865355299359727
139,139,PARÁ,CASTANHAL,-48.03366457789749,-1.3061863666039766
140,140,MINAS GERAIS,CATAGUASES,-42.59242402796608,-21.562250038038755
141,141,GOIÁS,CATALAO,-47.99157348283197,-17.972169753720042
142,142,SAO PAULO,CATANDUVA,-48.905443755304546,-21.087423165315567
143,143,PARAÍBA,CATOLE DO ROCHA,-37.68158371605629,-6.404575379749521
144,144,BAHIA,CATU,-38.35898706688275,-12.435167808591947
145,145,MARANHÃO,CAXIAS,-43.39858670211141,-5.2522141658772385
146,146,RIO GRANDE DO SUL,CAXIAS DO SUL,-51.42076747215004,-29.120954378534336
147,147,GOIÁS,CERES,-49.57525070197214,-15.211245316577866
148,148,PARANÁ,CERRO AZUL,-49.0920111136453,-24.70234830658092
149,149,RIO GRANDE DO SUL,CERRO LARGO,-54.82274588295247,-28.0969653299914
150,150,RIO GRANDE DO NORTE,CHAPADA DO APODI,-37.678119841835226,-5.540536005797319
151,151,CEARÁ,CHAPADA DO ARARIPE,-40.16780172692593,-7.063590693089999
152,152,GOIÁS,CHAPADA DOS VEADEIROS,-47.34503881789235,-13.729414851009293
153,153,MARANHÃO,CHAPADAS DAS MANGABEIRAS,-45.289271584530894,-7.006049176369253
154,154,MARANHÃO,CHAPADAS DO ALTO ITAPECURU,-43.97149396330572,-6.235689959390818
155,155,PIAUÍ,CHAPADAS DO EXTREMO SUL PIAUIENSE,-44.49621501244229,-10.288879262243253
156,156,MARANHÃO,CHAPADINHA,-43.08522747405898,-3.634071427566069
157,157,SANTA CATARINA,CHAPECO,-52.96308802784858,-26.82952289423871
158,158,CEARÁ,CHOROZINHO,-38.55969465008417,-4.392845458501664
159,159,PARANÁ,CIANORTE,-52.725261087719964,-23.601438308926358
160,160,AMAZONAS,COARI,-61.996505780481556,-3.898304697795181
161,161,MARANHÃO,CODO,-44.13314369322675,-4.447531605715615
162,162,MARANHÃO,COELHO NETO,-43.15835186182011,-4.2253765846639535
163,163,ESPÍRITO SANTO,COLATINA,-40.74468640326938,-19.337819146417626
164,164,RONDÔNIA,COLORADO DO OESTE,-60.79295066127807,-13.206030880166663
165,165,MATO GROSSO,COLIDER,-55.01420483088333,-10.36924992329075
166,166,PARÁ,CONCEICAO DO ARAGUAIA,-49.85145446789242,-8.485845571860242
167,167,MINAS GERAIS,CONCEICAO DO MATO DENTRO,-43.38485458825339,-18.83032371983456
168,168,SANTA CATARINA,CONCORDIA,-52.12812994336886,-27.21684931986197
169,169,MINAS GERAIS,CONSELHEIRO LAFAIETE,-43.847139700858534,-20.646013109588576
170,170,CEARÁ,COREAU,-40.68246894524812,-3.5239630295895483
171,171,PARANÁ,CORNELIO PROCOPIO,-50.56866861125832,-23.177796138361828
172,172,BAHIA,COTEGIPE,-44.180244873902815,-11.894693123512775
173,173,SERGIPE,COTINGUIBA,-37.08490092382285,-10.56956108353517
174,174,SANTA CATARINA,CRICIUMA,-49.42669279459856,-28.61676147005821
175,175,RIO GRANDE DO SUL,CRUZ ALTA,-53.12787706556608,-28.831849584028696
176,176,ACRE,CRUZEIRO DO SUL,-72.81341646914503,-7.862995780461817
177,177,MATO GROSSO,CUIABA,-55.98298274276613,-15.673359450437989
178,178,PARAÍBA,CURIMATAU OCIDENTAL,-36.10540147112897,-6.797126917734362
179,179,PARAÍBA,CURIMATAU ORIENTAL,-35.71414382323221,-6.591665032103014
180,180,PARANÁ,CURITIBA,-49.31448955158557,-25.42987819712722
181,181,SANTA CATARINA,CURITIBANOS,-50.94632409003461,-27.328397168908186
182,182,MINAS GERAIS,CURVELO,-44.38675930256972,-18.536405720741296
183,183,MINAS GERAIS,DIAMANTINA,-43.56198795969252,-18.167590317657424
184,184,TOCANTINS,DIANOPOLIS,-47.297923562984884,-12.072476161711144
185,185,MINAS GERAIS,DIVINOPOLIS,-44.87106998731808,-20.03913500098424
186,186,MATO GROSSO DO SUL,DOURADOS,-54.96480205864591,-22.199082531111497
187,187,SAO PAULO,DRACENA,-51.66124265694787,-21.389809322923426
188,188,GOIÁS,ENTORNO DE BRASILIA,-48.11940490204371,-15.770842076040852
189,189,BAHIA,ENTRE RIOS,-37.80275863330328,-11.853261566995904
190,190,RIO GRANDE DO SUL,ERECHIM,-52.34064896367176,-27.565792802969828
191,191,PARAÍBA,ESPERANCA,-35.886866915769296,-7.038125925971397
192,192,SERGIPE,ESTANCIA,-37.432193197382006,-11.241144159619227
193,193,BAHIA,EUCLIDES DA CUNHA,-39.17891388133954,-10.601609073112416
194,194,PARANÁ,FAXINAL,-51.576219003183404,-23.860943630925732
195,195,BAHIA,FEIRA DE SANTANA,-39.247618520056406,-12.255488491481955
196,196,PERNAMBUCO,FERNANDO DE NORONHA,-32.4351863280529,-3.85202140078181
197,197,SAO PAULO,FERNANDOPOLIS,-50.2558072831475,-20.096850707747517
198,198,PARANÁ,FLORAI,-52.204209495505715,-23.534256564359712
199,199,PIAUÍ,FLORIANO,-43.09314267952999,-7.35806737980899
200,200,SANTA CATARINA,FLORIANOPOLIS,-48.578561748876716,-27.553748998750272
201,201,MINAS GERAIS,FORMIGA,-45.40729356476317,-20.45904888988661
202,202,CEARÁ,FORTALEZA,-38.66715755250542,-3.94841591008148
203,203,PARANÁ,FOZ DO IGUACU,-54.15053068527555,-25.228383369096953
204,204,SAO PAULO,FRANCA,-47.434241259667104,-20.357958685757296
205,205,PARANÁ,FRANCISCO BELTRAO,-53.201646419075686,-25.97258675829489
206,206,SAO PAULO,FRANCO DA ROCHA,-46.604332948309754,-23.332451172857514
207,207,RIO GRANDE DO SUL,FREDERICO WESTPHALEN,-53.18651860160531,-27.4140678847029
208,208,MINAS GERAIS,FRUTAL,-49.602417300201644,-19.9569989873814
209,209,PARÁ,FUROS DE BREVES,-50.4159060132403,-1.2824705634796674
210,210,PERNAMBUCO,GARANHUNS,-36.478661355270226,-8.939834507413762
211,211,MARANHÃO,GERAIS DE BALSAS,-46.38041784484661,-7.83049733358329
212,212,PARANÁ,GOIOERE,-52.85857197040816,-24.373339761002626
213,213,GOIÁS,GOIANIA,-49.22224678218157,-16.685395026783777
214,214,MINAS GERAIS,GOVERNADOR VALADARES,-41.90117774656726,-18.744626324548914
215,215,RIO GRANDE DO SUL,GRAMADO-CANELA,-50.89226313181834,-29.537335842152565
216,216,MINAS GERAIS,GRAO MOGOL,-42.88401688304814,-16.58894223878295
217,217,RONDÔNIA,GUAJARA-MIRIM,-64.53170540554488,-11.609560153406468
218,218,PARÁ,GUAMA,-46.964680850420606,-1.8200701751028423
219,219,BAHIA,GUANAMBI,-42.785584981998774,-14.328575812884473
220,220,MINAS GERAIS,GUANHAES,-42.809919564150185,-18.739436029473687
221,221,RIO GRANDE DO SUL,GUAPORE,-51.90589874822093,-28.802762263370838
222,222,PARAÍBA,GUARABIRA,-35.434670957632804,-6.824692831793492
223,223,ESPÍRITO SANTO,GUARAPARI,-40.75591177062008,-20.673667683199266
224,224,PARANÁ,GUARAPUAVA,-51.97201832672943,-25.478643474364162
225,225,SAO PAULO,GUARATINGUETA,-45.08250528070708,-22.68437861168729
226,226,SAO PAULO,GUARULHOS,-46.27507162427274,-23.33819233321964
227,227,MARANHÃO,GURUPI,-45.78956440295906,-1.8062512252433456
228,228,TOCANTINS,GURUPI,-48.789360453169316,-12.005430100885324
229,229,PARANÁ,IBAITI,-50.30732118741705,-23.82306632740738
230,230,CEARÁ,IBIAPABA,-40.9491839163678,-3.982654939568608
231,231,MATO GROSSO DO SUL,IGUATEMI,-54.38501204493014,-23.03618177385281
232,232,CEARÁ,IGUATU,-39.02930062016159,-6.371186317641497
233,233,RIO GRANDE DO SUL,IJUI,-53.82344163410382,-28.17263901094004
234,234,BAHIA,ILHEUS-ITABUNA,-39.3784110543011,-14.746331382067456
235,235,MARANHÃO,IMPERATRIZ,-47.23889000708231,-5.295270123150838
236,236,MINAS GERAIS,IPATINGA,-42.573425127484754,-19.35644980555209
237,237,GOIÁS,IPORA,-50.86029428203185,-16.39243662833981
238,238,CEARÁ,IPU,-40.740451358073685,-4.414258734954017
239,239,PARANÁ,IRATI,-50.7945476981285,-25.677838700556716
240,240,BAHIA,IRECE,-41.86849720263963,-11.549242310520501
241,241,PARAÍBA,ITABAIANA,-35.49058539142638,-7.295392195871493
242,242,BAHIA,ITABERABA,-40.44281798407388,-12.21713736895356
243,243,MINAS GERAIS,ITABIRA,-43.21454462961402,-19.736644059875484
244,244,AMAZONAS,ITACOATIARA,-58.54718180816454,-3.173794641173469
245,245,MINAS GERAIS,ITAGUARA,-44.22575022775674,-20.352015111624286
246,246,RIO DE JANEIRO,ITAGUAI,-43.894942601099366,-22.874269558005018
247,247,PARÁ,ITAITUBA,-55.99533946338283,-5.194427365431432
248,248,SANTA CATARINA,ITAJAI,-48.71476855257275,-26.83747642412893
249,249,MINAS GERAIS,ITAJUBA,-45.411264961133796,-22.414871814942657
250,250,PERNAMBUCO,ITAMARACA,-34.949558572821886,-7.805004782184031
251,251,SAO PAULO,ITANHAEM,-46.93788277175216,-24.2054121867661
252,252,PERNAMBUCO,ITAPARICA,-38.440069378463036,-8.735734440829757
253,253,SAO PAULO,ITAPECERICA DA SERRA,-46.930714666771266,-23.759444562464857
254,254,MARANHÃO,ITAPECURU MIRIM,-44.189046832848966,-3.506289846819666
255,255,ESPÍRITO SANTO,ITAPEMIRIM,-40.92968809018458,-21.04433816715018
256,256,RIO DE JANEIRO,ITAPERUNA,-41.863061315820076,-21.151564773880587
257,257,BAHIA,ITAPETINGA,-40.41557498289588,-15.500241775816034
258,258,SAO PAULO,ITAPETININGA,-48.14687395611265,-23.5874047519511
259,259,SAO PAULO,ITAPEVA,-49.09739279305303,-23.83175102900849
260,260,CEARÁ,ITAPIPOCA,-39.535181403952095,-3.2726159336543668
261,261,PARAÍBA,ITAPORANGA,-38.33249408551078,-7.4381154755656995
262,262,MINAS GERAIS,ITUIUTABA,-49.89246150215701,-18.85681383543612
263,263,SANTA CATARINA,ITUPORANGA,-49.592295393200104,-27.473919720323305
264,264,SAO PAULO,ITUVERAVA,-47.80530144057534,-20.23981011861089
265,265,PARANÁ,IVAIPORA,-51.64600430674886,-24.25995246057105
266,266,SAO PAULO,JABOTICABAL,-48.44885120443689,-21.15558498763437
267,267,PARANÁ,JACAREZINHO,-50.006056571240975,-23.225959626759273
268,268,BAHIA,JACOBINA,-40.591992642001664,-11.234225237017288
269,269,PARANÁ,JAGUARIAIVA,-49.72975470456459,-24.21221515606152
270,270,RIO GRANDE DO SUL,JAGUARAO,-53.26882652497624,-32.06800880367411
271,271,TOCANTINS,JALAPAO,-47.43204460818608,-8.836631598112358
272,272,SAO PAULO,JALES,-50.84665516132021,-20.225734949339387
273,273,MINAS GERAIS,JANAUBA,-43.16005749091948,-15.418796128467815
274,274,MINAS GERAIS,JANUARIA,-44.60202667117172,-15.35832394402437
275,275,SERGIPE,JAPARATUBA,-36.78112691049764,-10.539902144560507
276,276,AMAZONAS,JAPURA,-66.34826931474537,-1.920380432665116
277,277,MATO GROSSO,JAURU,-58.419751406464044,-15.474258731356148
278,278,SAO PAULO,JAU,-48.615923610816004,-22.304754092095948
279,279,BAHIA,JEQUIE,-40.037598277098496,-13.422073832755006
280,280,BAHIA,JEREMOABO,-38.20932129776854,-10.124243355910783
281,281,RONDÔNIA,JI-PARANA,-62.27726574773529,-10.78864971065191
282,282,SANTA CATARINA,JOACABA,-51.33213321096588,-27.01219599049077
283,283,SANTA CATARINA,JOINVILLE,-48.827375845661116,-26.343931206457228
284,284,PARAÍBA,JOAO PESSOA,-34.89761711078804,-7.118715649049925
285,285,BAHIA,JUAZEIRO,-41.05302193782525,-9.519404851869684
286,286,MINAS GERAIS,JUIZ DE FORA,-43.43135055323685,-21.76553042201756
287,287,SAO PAULO,JUNDIAI,-46.99957726059963,-23.153892997282487
288,288,AMAZONAS,JURUA,-69.33128181930526,-6.3281781808995925
289,289,RIO DE JANEIRO,LAGOS,-42.21764692611023,-22.81491922695601
290,290,RIO GRANDE DO SUL,LAJEADO-ESTRELA,-51.98680445674014,-29.374980465415664
291,291,PARANÁ,LAPA,-49.851349966794785,-25.710822544818825
292,292,MINAS GERAIS,LAVRAS,-44.94660791389303,-21.270314575266934
293,293,CEARÁ,LAVRAS DA MANGABEIRA,-38.85946066557461,-6.755484782835345
294,294,MARANHÃO,LENCOIS MARANHENSES,-42.95085748367524,-2.7747055090853547
295,295,SAO PAULO,LIMEIRA,-47.358657032626496,-22.51715828538753
296,296,ESPÍRITO SANTO,LINHARES,-40.221100643940176,-19.623721599286558
297,297,SAO PAULO,LINS,-49.753949329319155,-21.700190636467987
298,298,CEARÁ,LITORAL DE ARACATI,-37.69525080933909,-4.624632328035953
299,299,CEARÁ,LITORAL DE CAMOCIM E ACARAU,-40.51921236786654,-3.04725732193888
300,300,RIO GRANDE DO SUL,LITORAL LAGUNAR,-52.460203634258306,-32.46137620036292
301,301,RIO GRANDE DO NORTE,LITORAL NORDESTE,-35.57729224719625,-5.32870183297146
302,302,PARAÍBA,LITORAL NORTE,-35.08401410148375,-6.7564617512189615
303,303,ALAGOAS,LITORAL NORTE ALAGOANO,-35.28405460769757,-9.042585785717623
304,304,MARANHÃO,LITORAL OCIDENTAL MARANHENSE,-44.71804155847351,-2.0934411819715564
305,305,PIAUÍ,LITORAL PIAUIENSE,-41.648444123140564,-3.2424696409018017
306,307,RIO GRANDE DO NORTE,LITORAL SUL,-35.16508181037368,-6.302992122012415
307,308,BAHIA,LIVRAMENTO DO BRUMADO,-42.00250316298024,-13.563621142522244
308,309,PARANÁ,LONDRINA,-51.209501990675925,-23.3579654012612
309,310,RIO DE JANEIRO,MACACU-CACERIBU,-42.67062847185599,-22.593620599500785
310,311,AMAPA,MACAPA,-51.16359186497283,0.6359857392094863
311,312,RIO GRANDE DO NORTE,MACAU,-36.25769006792507,-5.150243919152072
312,313,RIO DE JANEIRO,MACAE,-41.78164272464286,-22.210593680343493
313,314,RIO GRANDE DO NORTE,MACAIBA,-35.360627821264195,-5.8412923336060505
314,315,ALAGOAS,MACEIO,-35.83255740932985,-9.591463071097602
315,316,AMAZONAS,MADEIRA,-60.3762576803508,-5.262907792783907
316,317,AMAZONAS,MANAUS,-59.8661312808591,-3.4079143324329624
317,318,MINAS GERAIS,MANHUACU,-42.03764236645486,-20.228635279822328
318,319,MINAS GERAIS,MANTENA,-41.197307214719466,-18.630878944448668
319,320,PARÁ,MARABA,-49.059239326007976,-5.532462718362954
320,321,PARANÁ,MARINGA,-51.928385943382786,-23.474358507936287
321,322,SAO PAULO,MARILIA,-49.93117196876104,-22.239588412690992
322,323,ALAGOAS,MATA ALAGOANA,-35.78541495398447,-9.216529145773473
323,324,PERNAMBUCO,MATA MERIDIONAL PERNAMBUCANA,-35.45072481614505,-8.662377967219008
324,325,PERNAMBUCO,MATA SETENTRIONAL PERNAMBUCANA,-35.18766760665268,-7.655420855806647
325,326,AMAPA,MAZAGAO,-51.885669631814224,-0.5685829636262022
326,327,GOIÁS,MEIA PONTE,-49.336711760988635,-17.857269214796506
327,328,CEARÁ,MERUOCA,-40.49425681556789,-3.5810742115086183
328,329,TOCANTINS,MIRACEMA DO TOCANTINS,-48.93495859826218,-8.929863603411095
329,330,SAO PAULO,MOJI DAS CRUZES,-46.204981026610746,-23.515251289514328
330,331,SAO PAULO,MOJI-MIRIM,-47.003854647964594,-22.453517842307004
331,332,ESPÍRITO SANTO,MONTANHA,-40.359722926380684,-18.185016666241665
332,333,RIO GRANDE DO SUL,MONTENEGRO,-51.42513572733036,-29.50721766554912
333,334,MINAS GERAIS,MONTES CLAROS,-44.09898772776104,-16.254584113410107
334,335,RIO GRANDE DO NORTE,MOSSORO,-37.235123327838366,-5.121583221942236
335,336,MINAS GERAIS,MURIAE,-42.25463357827237,-20.874342875970754
336,337,MATO GROSSO,MEDIO ARAGUAIA,-52.0587595121244,-14.91961458670086
337,338,PERNAMBUCO,MEDIO CAPIBARIBE,-35.552410482345344,-7.857045867543718
338,339,CEARÁ,MEDIO CURU,-39.375669486173905,-3.8692465959269637
339,340,CEARÁ,MEDIO JAGUARIBE,-38.65136026834435,-5.810508311328999
340,341,MARANHÃO,MEDIO MEARIM,-44.86431167708525,-4.438264943735326
341,342,RIO GRANDE DO NORTE,MEDIO OESTE,-37.32845337545813,-5.705089837114961
342,343,PIAUÍ,MEDIO PARNAIBA PIAUIENSE,-42.69282768214376,-6.067810329328872
343,344,MINAS GERAIS,NANUQUE,-40.678770083921684,-17.370858542848392
344,345,RIO GRANDE DO NORTE,NATAL,-35.26688320588548,-5.692452127652593
345,346,SAO PAULO,NHANDEARA,-49.849124128491276,-20.785682091563128
346,347,RORAIMA,NORDESTE DE RORAIMA,-60.25534015814429,3.8031538047597855
347,348,MATO GROSSO,NORTE ARAGUAIA,-51.794244553260256,-11.25682518298464
348,349,SERGIPE,NOSSA SENHORA DAS DORES,-37.115390628095106,-10.363573828959561
349,350,MATO GROSSO DO SUL,NOVA ANDRADINA,-52.76378825593667,-22.014916097959528
350,351,RIO DE JANEIRO,NOVA FRIBURGO,-42.50804424599633,-22.19947587246216
351,352,ESPÍRITO SANTO,NOVA VENECIA,-40.51031795022855,-18.728324306222827
352,353,SAO PAULO,NOVO HORIZONTE,-49.35386149051922,-21.405758112681305
353,354,RIO GRANDE DO SUL,NAO-ME-TOQUE,-52.84960434026839,-28.56462841796899
354,355,AMAPA,OIAPOQUE,-51.60947503514863,3.3267471557444357
355,356,MINAS GERAIS,OLIVEIRA,-44.801091822122714,-20.83815190341853
356,357,SAO PAULO,OSASCO,-46.8771656833212,-23.486765724961185
357,358,RIO GRANDE DO SUL,OSORIO,-50.29715215836063,-30.013810180754124
358,359,SAO PAULO,OURINHOS,-49.55024191761816,-23.03726033169664
359,360,MINAS GERAIS,OURO PRETO,-43.56033612818836,-20.334366848016906
360,361,CEARÁ,PACAJUS,-38.495980825991346,-4.146016158190348
361,362,PERNAMBUCO,PAJEU,-37.69289319311281,-7.7161411177482595
362,363,PARANÁ,PALMAS,-52.15677035417154,-26.23984650517412
363,364,ALAGOAS,PALMEIRA DOS INDIOS,-36.60536292371671,-9.456974875970813
364,365,MINAS GERAIS,PARACATU,-46.321229017216226,-17.862240344608892
365,366,PARÁ,PARAGOMINAS,-47.89938613416231,-3.862990186991226
366,367,SAO PAULO,PARAIBUNA/PARAITINGA,-45.28882024114797,-23.223683993586945
367,368,PARANÁ,PARANAGUA,-48.54249417721837,-25.468556652486896
368,369,MATO GROSSO,PARANATINGA,-54.079059645905744,-13.505721912687344
369,370,PARANÁ,PARANAVAI,-52.728290675314405,-22.96235859001273
370,371,MATO GROSSO DO SUL,PARANAIBA,-51.497204686141366,-19.6965477077072
371,372,PARÁ,PARAUAPEBAS,-49.85684053087812,-6.235845266223115
372,373,MATO GROSSO,PARECIS,-59.14929072456121,-13.483207019388376
373,374,AMAZONAS,PARINTINS,-57.20495602790348,-3.228243616860047
374,375,MINAS GERAIS,PARA DE MINAS,-44.68526363245717,-19.7501536206828
375,376,RIO GRANDE DO SUL,PASSO FUNDO,-52.20166204932892,-28.239667385379768
376,377,MINAS GERAIS,PASSOS,-46.7203633563151,-20.571369500598315
377,378,PARANÁ,PATO BRANCO,-52.71637346555281,-25.999409712154986
378,379,PARAÍBA,PATOS,-37.244981188770076,-7.085164894520483
379,380,MINAS GERAIS,PATOS DE MINAS,-46.2090803577837,-18.94887110024408
380,381,MINAS GERAIS,PATROCINIO,-47.18681593199288,-18.793149588200976
381,382,RIO GRANDE DO NORTE,PAU DOS FERROS,-38.101111213705686,-6.114341561258006
382,383,BAHIA,PAULO AFONSO,-38.660627285179096,-9.17403346926324
383,384,MINAS GERAIS,PEDRA AZUL,-41.498760146345674,-16.151341658372548
384,385,RIO GRANDE DO SUL,PELOTAS,-52.37933810870843,-31.451374116718426
385,386,ALAGOAS,PENEDO,-36.58963919214949,-10.203058711567293
386,387,PERNAMBUCO,PETROLINA,-40.09127190488962,-8.837649851357114
387,388,MINAS GERAIS,PECANHA,-42.48273557437439,-18.2025228347896
388,389,PARAÍBA,PIANCO,-37.91082067025354,-7.243202400355346
389,390,PIAUÍ,PICOS,-41.63192857650808,-6.954526146164337
390,391,SAO PAULO,PIEDADE,-47.639946880933415,-23.783404421463214
391,392,MARANHÃO,PINDARE,-45.804197972034274,-3.9347846725329614
392,393,PIAUÍ,PIO IX,-40.895311902133756,-6.986405194023535
393,394,SAO PAULO,PIRACICABA,-47.7543263911877,-22.743464399862404
394,395,MINAS GERAIS,PIRAPORA,-44.98755546242869,-17.069329671196392
395,396,SAO PAULO,PIRACUNUNGA,-47.262079981493464,-21.94641942377429
396,397,GOIÁS,PIRES DO RIO,-48.41956532302307,-16.991366311023846
397,398,PARANÁ,PITANGA,-51.954942553461905,-24.78056717954873
398,399,MINAS GERAIS,PIUI,-46.12439661853124,-20.154428893755192
399,400,PARANÁ,PONTA GROSSA,-50.05679430175393,-25.058450760557733
400,401,MINAS GERAIS,PONTE NOVA,-42.76044264166792,-20.27964272420629
401,402,GOIÁS,PORANGATU,-48.95103762590425,-13.952439179901715
402,403,PARANÁ,PORECATU,-51.231073308950656,-22.89089960637679
403,404,PARÁ,PORTEL,-50.856794811757716,-1.72553361100222
404,405,RIO GRANDE DO SUL,PORTO ALEGRE,-51.04603948373738,-29.95472672507945
405,406,MARANHÃO,PORTO FRANCO,-47.137907994540434,-6.677451009116775
406,407,TOCANTINS,PORTO NACIONAL,-48.197057559848716,-9.757223267111712
407,408,BAHIA,PORTO SEGURO,-39.692879371931134,-17.105032956822043
408,409,RONDÔNIA,PORTO VELHO,-63.902,-8.76183
409,410,MINAS GERAIS,POUSO ALEGRE,-46.091786798043024,-22.458928141571874
410,411,MINAS GERAIS,POCOS DE CALDAS,-46.464024976717866,-22.00191871529108
411,412,MARANHÃO,PRESIDENTE DUTRA,-44.266235707645215,-5.33022741280586
412,413,SAO PAULO,PRESIDENTE PRUDENTE,-51.60014152025934,-22.159512326781197
413,414,MATO GROSSO,PRIMAVERA DO LESTE,-54.698530226743536,-15.480507795248101
414,415,SERGIPE,PROPRIA,-36.73762309258731,-10.286465560164082
415,416,PARANÁ,PRUDENTOPOLIS,-50.74850143076006,-25.2043347249028
416,417,AMAZONAS,PURUS,-65.38701188036492,-7.116818158270313
417,418,GOIÁS,QUIRINOPOLIS,-50.83204448093256,-18.80889333420895
418,419,PERNAMBUCO,RECIFE,-35.062039856021336,-8.055091917032325
419,420,PARÁ,REDENCAO,-49.33452285153857,-6.872630640108457
420,421,SAO PAULO,REGISTRO,-47.77893949909627,-24.52553780210545
421,422,RIO GRANDE DO SUL,RESTINGA SECA,-53.430620750538026,-29.68277200435333
422,423,BAHIA,RIBEIRA DO POMBAL,-38.357617244446224,-10.830396958711027
423,424,SAO PAULO,RIBEIRAO PRETO,-47.81445371024029,-21.2382935965104
424,425,ACRE,RIO BRANCO,-67.58418341260115,-9.997214968845817
425,426,SAO PAULO,RIO CLARO,-47.780637412967614,-22.313826680124173
426,427,RIO DE JANEIRO,RIO DE JANEIRO,-43.11641785068644,-22.731789692077516
427,428,SANTA CATARINA,RIO DO SUL,-49.80010851691162,-27.096282464134067
428,429,TOCANTINS,RIO FORMOSO,-49.791140546816855,-11.376940189168346
429,430,AMAZONAS,RIO NEGRO,-65.94044674802171,0.6011174310012726
430,431,PARANÁ,RIO NEGRO,-49.45962028181602,-26.023312821964986
431,432,AMAZONAS,RIO PRETO DA EVA,-59.87789821608671,-1.8570420496725824
432,433,GOIÁS,RIO VERMELHO,-50.70754605501504,-15.587183886540554
433,434,MATO GROSSO,RONDONOPOLIS,-54.673729367414076,-16.45904559251691
434,435,MARANHÃO,ROSARIO,-44.10912180921092,-2.924822927403989
435,436,MATO GROSSO,ROSARIO OESTE,-56.45406605753315,-15.133965811421465
436,437,PARÁ,SALGADO,-47.76715716906337,-0.8137058355159053
437,438,PERNAMBUCO,SALGUEIRO,-39.10435303121596,-8.025920293713037
438,439,MINAS GERAIS,SALINAS,-42.128912508057155,-15.748075127183414
439,440,BAHIA,SALVADOR,-38.47544798615292,-12.807442497198664
440,441,RIO GRANDE DO SUL,SANANDUVA,-51.658149096748474,-27.812161087525922
441,442,RIO GRANDE DO SUL,SANTA CRUZ DO SUL,-52.64912155721058,-29.486031718494463
442,443,RIO GRANDE DO SUL,SANTA MARIA,-54.17948483624385,-29.742950548577188
443,444,BAHIA,SANTA MARIA DA VITORIA,-44.35736895622346,-13.426764483052594
444,445,RIO DE JANEIRO,SANTA MARIA MADALENA,-42.05008041986408,-22.006116346154567
445,446,CEARÁ,SANTA QUITERIA,-40.25528751157657,-4.352209930964167
446,447,MINAS GERAIS,SANTA RITA DO SAPUCAI,-45.66767967629226,-22.104300794465303
447,448,RIO GRANDE DO SUL,SANTA ROSA,-54.48030969400346,-27.765359073956862
448,449,ESPÍRITO SANTO,SANTA TERESA,-40.71836056113949,-19.916959456533775
449,450,ALAGOAS,SANTANA DO IPANEMA,-37.329882838846544,-9.487196846214296
450,451,PARÁ,SANTAREM,-54.700751401489846,-2.336556840686048
451,452,RIO GRANDE DO SUL,SANTIAGO,-54.24911550041702,-29.18277441973925
452,453,BAHIA,SANTO ANTONIO DE JESUS,-39.02337624645303,-12.801863023369876
453,454,RIO DE JANEIRO,SANTO ANTONIO DE PADUA,-42.09984391359467,-21.562668563033586
454,455,RIO GRANDE DO SUL,SANTO ANGELO,-54.61342631408166,-28.288250729594655
455,456,SAO PAULO,SANTOS,-46.27899966733405,-23.905947325000003
456,457,PARAÍBA,SAPE,-35.227388793486845,-7.142468102229216
457,458,BAHIA,SEABRA,-41.51234300822628,-12.847703722782883
458,459,ACRE,SENA MADUREIRA,-69.51045669025481,-9.374365485681924
459,460,BAHIA,SENHOR DO BONFIM,-40.34776107643799,-10.484903138426617
460,461,SERGIPE,SERGIPANA DO SERTAO DO SAO FRANCISCO,-37.485967867671754,-9.952652772427673
461,462,RIO GRANDE DO NORTE,SERIDO OCIDENTAL,-37.23730936153597,-6.507928586576179
462,463,PARAÍBA,SERIDO OCIDENTAL PARAIBANO,-36.88035397105596,-6.945395043690811
463,464,RIO GRANDE DO NORTE,SERIDO ORIENTAL,-36.63731417134379,-6.50151570919908
464,465,PARAÍBA,SERIDO ORIENTAL PARAIBANO,-36.406131201589616,-6.735740631138675
465,466,RIO GRANDE DO NORTE,SERRA DE SANTANA,-36.593606563351436,-6.029857505136403
466,467,RIO GRANDE DO NORTE,SERRA DE SAO MIGUEL,-38.38491828779824,-6.257598291938717
467,468,CEARÁ,SERRA DO PEREIRO,-38.33388883326,-5.893420044895098
468,469,PARAÍBA,SERRA DO TEIXEIRA,-37.69595023593565,-7.51500120671225
469,470,RIO DE JANEIRO,SERRANA,-42.962271885721066,-22.307066419452248
470,471,ALAGOAS,SERRANA DO SERTAO ALAGOANO,-37.7980913007186,-9.19851273275364
471,472,ALAGOAS,SERRANA DOS QUILOMBOS,-36.129363199043546,-9.171809525652447
472,473,RIO GRANDE DO SUL,SERRAS DO SUDESTE,-53.232964908326785,-31.029903919552478
473,474,BAHIA,SERRINHA,-39.298523953929475,-11.483554353407587
474,475,CEARÁ,SERTAO DE CRATEUS,-40.61389386443019,-5.166290574466641
475,476,CEARÁ,SERTAO DE INHAMUNS,-40.2520622763484,-6.201602747287993
476,477,CEARÁ,SERTAO DE QUIXERAMOBIM,-39.291932932093225,-4.979723167211898
477,478,CEARÁ,SERTAO DE SENADOR POMPEU,-39.46723826487346,-5.80727065069489
478,479,PERNAMBUCO,SERTAO DO MOXOTO,-37.58893044601585,-8.514865639781867
479,480,MINAS GERAIS,SETE LAGOAS,-44.05816895180176,-19.390378102569922
480,481,MATO GROSSO,SINOP,-54.37620325014447,-11.486711131875849
481,482,CEARÁ,SOBRAL,-40.356133105236985,-3.722972286173342
482,483,RIO GRANDE DO SUL,SOLEDADE,-52.596849990124035,-28.97305444789361
483,484,SAO PAULO,SOROCABA,-47.384802177316615,-23.419356979584336
484,485,PARAÍBA,SOUSA,-38.04377938208547,-6.7475962925057065
485,486,PERNAMBUCO,SUAPE,-35.086531699951664,-8.35900669484526
486,487,RORAIMA,SUDESTE DE RORAIMA,-60.191023155431786,0.639947876223344
487,488,GOIÁS,SUDOESTE DE GOIAS,-51.515815359572926,-17.726634748186672
488,489,SANTA CATARINA,SAO BENTO DO SUL,-49.35220230960038,-26.236350583827004
489,490,SAO PAULO,SAO CARLOS,-47.89766701940418,-21.999555953994246
490,491,PARÁ,SAO FELIX DO XINGU,-51.464613587275906,-6.927049382180619
491,492,RIO GRANDE DO SUL,SAO JERONIMO,-51.80774722166789,-29.996167767981515
492,493,SAO PAULO,SAO JOAQUIM DA BARRA,-48.06410887756406,-20.425783791663736
493,494,SAO PAULO,SAO JOSE DO RIO PRETO,-49.38704261997959,-20.74716482226284
494,495,SAO PAULO,SAO JOSE DOS CAMPOS,-45.77109391483983,-23.122335582389642
495,496,SAO PAULO,SAO JOAO DA BOA VISTA,-46.84019905077057,-21.745732177737608
496,497,MINAS GERAIS,SAO JOAO DEL REI,-44.252991929245994,-21.162371394253626
497,498,MINAS GERAIS,SAO LOURENCO,-45.023470063055754,-22.118802618851685
498,499,ESPÍRITO SANTO,SAO MATEUS,-40.00008711573416,-18.61728674341313
499,500,PARANÁ,SAO MATEUS DO SUL,-50.35603331911247,-25.836575973892568
500,501,SANTA CATARINA,SAO MIGUEL D'OESTE,-53.52601194609597,-26.725462631865486
501,502,GOIÁS,SAO MIGUEL DO ARAGUAIA,-50.146774590330935,-13.861311230714927
502,503,ALAGOAS,SAO MIGUEL DOS CAMPOS,-36.26008811110714,-9.892744404319854
503,504,SAO PAULO,SAO PAULO,-46.65434144727848,-23.79689335119048
504,505,PIAUÍ,SAO RAIMUNDO NONATO,-42.99891820546836,-9.056215760878686
505,506,MINAS GERAIS,SAO SEBASTIAO DO PARAISO,-46.67915788393623,-21.1730476034608
506,507,SANTA CATARINA,TABULEIRO,-49.15773399757175,-27.718391930617877
507,508,MATO GROSSO,TANGARA DA SERRA,-58.01878383954796,-14.587604801028874
508,509,ACRE,TARAUACA,-70.81611548305162,-8.421823616596022
509,510,SAO PAULO,TATUI,-47.934783461248685,-23.209193691137468
510,511,AMAZONAS,TEFE,-64.74245403620334,-3.2926286270419025
511,512,PARANÁ,TELEMACO BORBA,-50.72062680092476,-24.35076833110946
512,513,PIAUÍ,TERESINA,-42.69862666885265,-5.093218676411015
513,514,MATO GROSSO,TESOURO,-53.52159374533085,-16.036395393367034
514,515,MINAS GERAIS,TEOFILO OTONI,-41.53951922263169,-17.777847179621173
515,516,SANTA CATARINA,TIJUCAS,-48.98153455531036,-27.383251706653905
516,517,SERGIPE,TOBIAS BARRETO,-37.99088768419809,-10.934581050165308
517,518,PARANÁ,TOLEDO,-53.9096792699612,-24.540361862951674
518,519,PARÁ,TOME-ACU,-48.525144860195645,-2.3269228949578493
519,520,ALAGOAS,TRAIPU,-36.9216537013869,-9.94127101386608
520,521,MATO GROSSO DO SUL,TRES LAGOAS,-52.720781795921795,-20.531659468021164
521,522,MINAS GERAIS,TRES MARIAS,-45.31263995810294,-18.868706551709078
522,523,RIO GRANDE DO SUL,TRES PASSOS,-53.982552638363295,-27.470125308587885
523,524,RIO DE JANEIRO,TRES RIOS,-43.1275805377501,-22.13240708827837
524,525,SANTA CATARINA,TUBARAO,-49.062913780566596,-28.41260617928204
525,526,PARÁ,TUCURUI,-49.903431593403795,-4.5780306319234185
526,527,SAO PAULO,TUPA,-50.56244362660368,-21.90842254929602
527,528,MINAS GERAIS,UBERABA,-47.97541977632158,-19.84892857762253
528,529,MINAS GERAIS,UBERLANDIA,-48.51473544577846,-18.814650654071453
529,530,MINAS GERAIS,UBA,-42.98675215422159,-21.13215244177197
530,531,RIO GRANDE DO NORTE,UMARIZAL,-37.81975253976374,-6.108589700995354
531,532,PARAÍBA,UMBUZEIRO,-35.68453455204784,-7.621253327834287
532,533,PARANÁ,UMUARAMA,-53.49179123837158,-23.74099619701569
533,534,MINAS GERAIS,UNAI,-46.487882896837064,-16.000875974859916
534,535,PARANÁ,UNIAO DA VITORIA,-51.15751567548749,-26.17556415000584
535,536,CEARÁ,URUBURETAMA,-39.494951309713976,-3.654556929078285
536,537,RIO GRANDE DO SUL,VACARIA,-50.82583956312908,-28.62220018886765
537,538,RIO GRANDE DO NORTE,VALE DO ACU,-36.8641176486729,-5.4616036751662955
538,539,PERNAMBUCO,VALE DO IPANEMA,-37.17131340331976,-8.775525196418151
539,540,PERNAMBUCO,VALE DO IPOJUCA,-36.36544060254389,-8.288240382282957
540,541,RIO DE JANEIRO,VALE DO PARAIBA FLUMINENSE,-44.23107884741096,-22.527088601717185
541,542,GOIÁS,VALE DO RIO DOS BOIS,-50.0452778399452,-17.12123061168915
542,543,BAHIA,VALENCA,-39.11524841037743,-13.789550998842511
543,544,PIAUÍ,VALENCA DO PIAUI,-41.73310559341053,-6.368857960137321
544,545,MINAS GERAIS,VARGINHA,-45.538021020972224,-21.310892156093093
545,546,RIO DE JANEIRO,VASSOURAS,-43.53882290143503,-22.424167545099163
546,547,RONDÔNIA,VILHENA,-61.031589315521316,-12.183257363123415
547,548,ESPÍRITO SANTO,VITORIA,-40.349200983511736,-20.267194661154626
548,549,BAHIA,VITORIA DA CONQUISTA,-40.68628212511683,-14.791092247862027
549,550,PERNAMBUCO,VITORIA DE SANTO ANTAO,-35.31932886044881,-8.120171766495032
550,551,MINAS GERAIS,VICOSA,-43.007820317293664,-20.77118349387747
551,552,SAO PAULO,VOTUPORANGA,-49.857935011158354,-20.28760972008056
552,553,CEARÁ,VARZEA ALEGRE,-39.561604876229076,-6.659097068175304
553,554,GOIÁS,VAO DO PARANA,-46.44673165821522,-14.135718767559375
554,555,PARANÁ,WENCESLAU BRAZ,-49.80693723091564,-23.582206525386177
555,556,SANTA CATARINA,XANXERE,-52.333944478783906,-26.703805420816675
556,557,PARÁ,OBIDOS,-56.443823472508456,-1.6513702979264175
